<environmentvariabledefinition schemaname="jk_SharePointPageURL">
  <description default="Sharepoint Seite z.B. https://&lt;domain&gt;/sites/&lt;Seitenname&gt;/">
    <label description="Sharepoint Seite z.B. https://&lt;domain&gt;/sites/&lt;Seitenname&gt;/" languagecode="1033" />
  </description>
  <displayname default="SharePointPageURL">
    <label description="SharePointPageURL" languagecode="1033" />
  </displayname>
  <introducedversion>1.0.0.1</introducedversion>
  <iscustomizable>1</iscustomizable>
  <isrequired>0</isrequired>
  <secretstore>0</secretstore>
  <type>100000000</type>
</environmentvariabledefinition>