<ImportExportXml xmlns:xsi="http://www.w3.org/2001/XMLSchema-instance" OrganizationVersion="9.2.25104.144" OrganizationSchemaType="Standard" CRMServerServiceabilityVersion="9.2.25104.00144">
  <Entities></Entities>
  <Roles></Roles>
  <Workflows>
    <Workflow WorkflowId="{9f4700d1-82b5-f011-bbd3-00224874d23a}" Name="GET_PDF_BLOB">
      <JsonFileName>/Workflows/GET_PDF_BLOB-9F4700D1-82B5-F011-BBD3-00224874D23A.json</JsonFileName>
      <Type>1</Type>
      <Subprocess>0</Subprocess>
      <Category>5</Category>
      <Mode>0</Mode>
      <Scope>4</Scope>
      <OnDemand>0</OnDemand>
      <TriggerOnCreate>0</TriggerOnCreate>
      <TriggerOnDelete>0</TriggerOnDelete>
      <AsyncAutodelete>0</AsyncAutodelete>
      <SyncWorkflowLogOnFailure>0</SyncWorkflowLogOnFailure>
      <StateCode>1</StateCode>
      <StatusCode>2</StatusCode>
      <RunAs>1</RunAs>
      <IsTransacted>1</IsTransacted>
      <IntroducedVersion>1.0.0.0</IntroducedVersion>
      <IsCustomizable>1</IsCustomizable>
      <BusinessProcessType>0</BusinessProcessType>
      <IsCustomProcessingStepAllowedForOtherPublishers>1</IsCustomProcessingStepAllowedForOtherPublishers>
      <ModernFlowType>0</ModernFlowType>
      <PrimaryEntity>none</PrimaryEntity>
      <LocalizedNames>
        <LocalizedName languagecode="1033" description="GET_PDF_BLOB" />
      </LocalizedNames>
    </Workflow>
  </Workflows>
  <FieldSecurityProfiles></FieldSecurityProfiles>
  <Templates />
  <EntityMaps />
  <EntityRelationships />
  <OrganizationSettings />
  <optionsets />
  <CustomControls />
  <EntityDataProviders />
  <CanvasApps>
    <CanvasApp>
      <Name>jk_bundestagapp_fad88</Name>
      <AppVersion>2025-11-10T14:48:46Z</AppVersion>
      <Status>Ready</Status>
      <CreatedByClientVersion>3.25103.13.0</CreatedByClientVersion>
      <MinClientVersion>3.25103.13.0</MinClientVersion>
      <Tags>{"primaryDeviceWidth":"640","primaryDeviceHeight":"1136","supportsPortrait":"true","supportsLandscape":"true","primaryFormFactor":"Phone","showStatusBar":"false","publisherVersion":"3.25103.13","minimumRequiredApiVersion":"2.2.0","hasComponent":"false","hasUnlockedComponent":"false","isUnifiedRootApp":"false"}</Tags>
      <IsCdsUpgraded>0</IsCdsUpgraded>
      <GalleryItemId xsi:nil="true"></GalleryItemId>
      <BackgroundColor>RGBA(0,176,240,1)</BackgroundColor>
      <DisplayName>Bundestag_APP</DisplayName>
      <Description xsi:nil="true"></Description>
      <CommitMessage xsi:nil="true"></CommitMessage>
      <Publisher xsi:nil="true"></Publisher>
      <AuthorizationReferences>[]</AuthorizationReferences>
      <ConnectionReferences>{"060f93f0-8857-4e9d-b4ac-9179f5e8782e":{"id":"/providers/microsoft.powerapps/apis/shared_bundestags-2dconnector-5f9b62d136e3567aed-5f5d333c4c09d19cfc","displayName":"Bundestags-Connector","iconUri":"https://defaulticons.powerapps.com/defaulticons/api-dedicated.png","dataSources":["DeutscherBundestag-DIP"],"dependencies":[],"dependents":[],"parameterHints":{},"parameterHintsV2":{},"isOnPremiseConnection":false,"bypassConsent":false,"dataSets":{},"apiTier":"Standard","actions":["getPlenarprotokollList","getVorgangsposition"],"customApiLogicalName":"jk_bundestags-2dconnector","isCustomApiSolutionAware":true},"7bbaae8d-37f8-4f77-bf02-badd6a0ad4c3":{"id":"/providers/microsoft.powerapps/apis/shared_logicflows","displayName":"Logik-Flows","iconUri":"https://conn-afd-prod-endpoint-bmc9bqahasf3grgk.b01.azurefd.net/v1.0.1766/1.0.1766.4330/logicflows/icon.png","dataSources":["GET_PDF_BLOB"],"dependencies":[],"dependents":[],"parameterHints":{"workflowName":{"value":"7094356f-1efe-4dfc-b548-a6c3cf1549e2"},"workflowEntityId":{"value":"9f4700d1-82b5-f011-bbd3-00224874d23a"},"workflowDisplayName":{"value":"GET_PDF_BLOB"}},"parameterHintsV2":{"workflowName":{"value":"7094356f-1efe-4dfc-b548-a6c3cf1549e2"},"workflowEntityId":{"value":"9f4700d1-82b5-f011-bbd3-00224874d23a"},"workflowDisplayName":{"value":"GET_PDF_BLOB"}},"isOnPremiseConnection":false,"bypassConsent":false,"dataSets":{},"apiTier":"Standard","actions":["Run"],"isCustomApiSolutionAware":false}}</ConnectionReferences>
      <DatabaseReferences>{}</DatabaseReferences>
      <AppComponents>[]</AppComponents>
      <AppComponentDependencies>[]</AppComponentDependencies>
      <CanConsumeAppPass>1</CanConsumeAppPass>
      <CanvasAppType>0</CanvasAppType>
      <BypassConsent>0</BypassConsent>
      <AdminControlBypassConsent>0</AdminControlBypassConsent>
      <EmbeddedApp xsi:nil="true"></EmbeddedApp>
      <IntroducedVersion>1.0</IntroducedVersion>
      <CdsDependencies>{"cdsdependencies":[{"logicalname":"jk_bundestags-2dconnector","componenttype":372,"componenttypeplatformname":"connector"},{"dependencyid":"9f4700d1-82b5-f011-bbd3-00224874d23a","componenttype":29,"componenttypeplatformname":"Workflow"}]}</CdsDependencies>
      <IsCustomizable>1</IsCustomizable>
      <BackgroundImageUri>/CanvasApps/jk_bundestagapp_fad88_BackgroundImageUri</BackgroundImageUri>
      <DocumentUri>/CanvasApps/jk_bundestagapp_fad88_DocumentUri.msapp</DocumentUri>
      <AdditionalUris>
        <AdditionalUri>/CanvasApps/jk_bundestagapp_fad88_AdditionalUris0_identity.json</AdditionalUri>
      </AdditionalUris>
    </CanvasApp>
  </CanvasApps>
  <Connectors>
    <Connector>
      <connectorid>3f7b6a87-fb36-4bca-8624-68092a03e71c</connectorid>
      <description>API des Dokumentations- und Informationssystems für Parlamentsmaterialien</description>
      <displayname>Bundestags-Connector</displayname>
      <iconbrandcolor>#007ee5</iconbrandcolor>
      <name>jk_bundestags-2dconnector</name>
      <connectortype>1</connectortype>
      <openapidefinition>/Connector/jk_bundestags-2dconnector_openapidefinition.json</openapidefinition>
      <connectionparameters>/Connector/jk_bundestags-2dconnector_connectionparameters.json</connectionparameters>
      <policytemplateinstances>/Connector/jk_bundestags-2dconnector_policytemplateinstances.json</policytemplateinstances>
      <iconblob>/Connector/jk_bundestags-2dconnector_iconblob.Png</iconblob>
    </Connector>
  </Connectors>
  <Languages>
    <Language>1033</Language>
  </Languages>
</ImportExportXml>