<environmentvariabledefinition schemaname="jk_SharepointPageURL">
  <description default="URL der Sharepoint-Seite">
    <label description="URL der Sharepoint-Seite" languagecode="1033" />
  </description>
  <displayname default="SharepointPage">
    <label description="SharepointPage" languagecode="1033" />
  </displayname>
  <introducedversion>1.0.0.0</introducedversion>
  <iscustomizable>1</iscustomizable>
  <isrequired>0</isrequired>
  <secretstore>0</secretstore>
  <type>100000000</type>
</environmentvariabledefinition>