{
  "properties": {
    "connectionReferences": {
      "shared_sharepointonline": {
        "runtimeSource": "embedded",
        "connection": {
          "connectionReferenceLogicalName": "new_sharedsharepointonline_0b2c3"
        },
        "api": {
          "name": "shared_sharepointonline"
        }
      },
      "shared_approvals": {
        "runtimeSource": "embedded",
        "connection": {
          "connectionReferenceLogicalName": "new_sharedapprovals_1480a"
        },
        "api": {
          "name": "shared_approvals"
        }
      },
      "shared_office365users": {
        "runtimeSource": "embedded",
        "connection": {
          "connectionReferenceLogicalName": "new_sharedoffice365users_45946"
        },
        "api": {
          "name": "shared_office365users"
        }
      }
    },
    "definition": {
      "$schema": "https://schema.management.azure.com/providers/Microsoft.Logic/schemas/2016-06-01/workflowdefinition.json#",
      "contentVersion": "1.0.0.0",
      "parameters": {
        "$connections": {
          "defaultValue": {},
          "type": "Object"
        },
        "$authentication": {
          "defaultValue": {},
          "type": "SecureObject"
        },
        "SPList_Urlaubsplanung_ID (jk_SPList_Urlaubsplanung_ID)": {
          "defaultValue": "140466cc-22b0-497a-b530-864968100a70",
          "type": "String",
          "metadata": {
            "schemaName": "jk_SPList_Urlaubsplanung_ID"
          }
        },
        "SharePointPageURL (jk_SharePointPageURL)": {
          "defaultValue": "https://gsdberatung.sharepoint.com/sites/Sandbox/",
          "type": "String",
          "metadata": {
            "schemaName": "jk_SharePointPageURL",
            "description": "Sharepoint Seite z.B. https://<domain>/sites/<Seitenname>/"
          }
        },
        "SPList_Urlaub_ID (jk_SPList_Urlaub_ID)": {
          "defaultValue": "f9ce3c88-6d21-423c-87f8-d16f37903f33",
          "type": "String",
          "metadata": {
            "schemaName": "jk_SPList_Urlaub_ID"
          }
        }
      },
      "triggers": {
        "When_an_item_is_created": {
          "recurrence": {
            "interval": 1,
            "frequency": "Minute"
          },
          "splitOn": "@triggerOutputs()?['body/value']",
          "metadata": {
            "operationMetadataId": "b10d920e-1e6f-467f-b3a8-2782544b9b43"
          },
          "type": "OpenApiConnection",
          "inputs": {
            "host": {
              "connectionName": "shared_sharepointonline",
              "operationId": "GetOnNewItems",
              "apiId": "/providers/Microsoft.PowerApps/apis/shared_sharepointonline"
            },
            "parameters": {
              "dataset": "@parameters('SharePointPageURL (jk_SharePointPageURL)')",
              "table": "@parameters('SPList_Urlaubsplanung_ID (jk_SPList_Urlaubsplanung_ID)')"
            },
            "authentication": "@parameters('$authentication')"
          }
        }
      },
      "actions": {
        "Compose_Urlaubstage": {
          "runAfter": {
            "Initialize_Mitarbeiter": [
              "Succeeded"
            ]
          },
          "metadata": {
            "operationMetadataId": "ab8247e5-4059-4605-a1a2-82b7bb4aa2e4"
          },
          "type": "Compose",
          "inputs": "@int(add(\r\n  \r\n  div(sub(ticks(triggerBody()?['Ende']), ticks(triggerBody()?['Beginn'])), mul(86400, 10000000))\r\n  \r\n  \r\n  ,1))"
        },
        "Update_Mitarbeiterurlaub": {
          "runAfter": {
            "Compose_Urlaubstage": [
              "Succeeded"
            ]
          },
          "metadata": {
            "operationMetadataId": "98c94df9-d7f0-49db-8bc8-6a63b2a7e5ac"
          },
          "type": "OpenApiConnection",
          "inputs": {
            "host": {
              "connectionName": "shared_sharepointonline",
              "operationId": "PatchItem",
              "apiId": "/providers/Microsoft.PowerApps/apis/shared_sharepointonline"
            },
            "parameters": {
              "dataset": "@parameters('SharePointPageURL (jk_SharePointPageURL)')",
              "table": "@parameters('SPList_Urlaub_ID (jk_SPList_Urlaub_ID)')",
              "id": "@variables('Mitarbeiter')?['ID']",
              "item/geplanterUrlaub": "@add(variables('Mitarbeiter')?['geplanterUrlaub'],outputs('Compose_Urlaubstage'))"
            },
            "authentication": "@parameters('$authentication')"
          }
        },
        "Get_Mitarbeiterurlaub": {
          "runAfter": {},
          "metadata": {
            "operationMetadataId": "8c8e8cf9-6ad9-4f96-90de-d448191972e1"
          },
          "type": "OpenApiConnection",
          "inputs": {
            "host": {
              "connectionName": "shared_sharepointonline",
              "operationId": "GetItems",
              "apiId": "/providers/Microsoft.PowerApps/apis/shared_sharepointonline"
            },
            "parameters": {
              "dataset": "@parameters('SharePointPageURL (jk_SharePointPageURL)')",
              "table": "@parameters('SPList_Urlaub_ID (jk_SPList_Urlaub_ID)')",
              "$filter": "MitarbeiterIn/EMail eq '@{triggerBody()?['Author/Email']}'"
            },
            "authentication": "@parameters('$authentication')"
          }
        },
        "Initialize_Mitarbeiter": {
          "runAfter": {
            "Get_Mitarbeiterurlaub": [
              "Succeeded"
            ]
          },
          "metadata": {
            "operationMetadataId": "29b21cce-edd1-4b5a-bbb2-786e852b8e5e"
          },
          "type": "InitializeVariable",
          "inputs": {
            "variables": [
              {
                "name": "Mitarbeiter",
                "type": "object",
                "value": "@outputs('Get_Mitarbeiterurlaub')?['body/value'][0]"
              }
            ]
          }
        },
        "Start_and_wait_for_an_approval": {
          "runAfter": {
            "Get_manager_(V2)": [
              "Succeeded"
            ]
          },
          "metadata": {
            "operationMetadataId": "6adf1b8a-3e70-46ab-9d67-e5ced21d41ea"
          },
          "type": "OpenApiConnectionWebhook",
          "inputs": {
            "host": {
              "connectionName": "shared_approvals",
              "operationId": "StartAndWaitForAnApproval",
              "apiId": "/providers/Microsoft.PowerApps/apis/shared_approvals"
            },
            "parameters": {
              "approvalType": "Basic",
              "WebhookApprovalCreationInput/title": "@triggerBody()?['Title']",
              "WebhookApprovalCreationInput/assignedTo": "@outputs('Get_manager_(V2)')?['body/mail']",
              "WebhookApprovalCreationInput/itemLink": "@triggerBody()?['{Link}']",
              "WebhookApprovalCreationInput/enableNotifications": true,
              "WebhookApprovalCreationInput/enableReassignment": true
            },
            "authentication": "@parameters('$authentication')"
          }
        },
        "Get_manager_(V2)": {
          "runAfter": {
            "Update_Mitarbeiterurlaub": [
              "Succeeded"
            ]
          },
          "metadata": {
            "operationMetadataId": "b22de7ce-5ce5-4ca8-bad9-a91a8a39d27a"
          },
          "type": "OpenApiConnection",
          "inputs": {
            "host": {
              "connectionName": "shared_office365users",
              "operationId": "Manager_V2",
              "apiId": "/providers/Microsoft.PowerApps/apis/shared_office365users"
            },
            "parameters": {
              "id": "@outputs('Update_Mitarbeiterurlaub')?['body/Author/Email']"
            },
            "authentication": "@parameters('$authentication')"
          }
        },
        "Condition_Approved": {
          "actions": {
            "Update_Urlaubsantra_freigegeben": {
              "runAfter": {},
              "metadata": {
                "operationMetadataId": "c08a8399-76a4-4754-b00c-a4397e35ccc7"
              },
              "type": "OpenApiConnection",
              "inputs": {
                "host": {
                  "connectionName": "shared_sharepointonline",
                  "operationId": "PatchItem",
                  "apiId": "/providers/Microsoft.PowerApps/apis/shared_sharepointonline"
                },
                "parameters": {
                  "dataset": "@parameters('SharePointPageURL (jk_SharePointPageURL)')",
                  "table": "@parameters('SPList_Urlaubsplanung_ID (jk_SPList_Urlaubsplanung_ID)')",
                  "id": "@triggerBody()?['ID']",
                  "item/Status/Value": "freigegeben"
                },
                "authentication": "@parameters('$authentication')"
              }
            },
            "Update_Mitarbeiterurlaub_2": {
              "runAfter": {
                "Update_Urlaubsantra_freigegeben": [
                  "Succeeded"
                ]
              },
              "metadata": {
                "operationMetadataId": "33b5c2ae-e669-47c2-a25d-5eb3eabed700"
              },
              "type": "OpenApiConnection",
              "inputs": {
                "host": {
                  "connectionName": "shared_sharepointonline",
                  "operationId": "PatchItem",
                  "apiId": "/providers/Microsoft.PowerApps/apis/shared_sharepointonline"
                },
                "parameters": {
                  "dataset": "@parameters('SharePointPageURL (jk_SharePointPageURL)')",
                  "table": "@parameters('SPList_Urlaub_ID (jk_SPList_Urlaub_ID)')",
                  "id": "@variables('Mitarbeiter')?['ID']",
                  "item/Jahresurlaub": "@sub(variables('Mitarbeiter')?['Jahresurlaub'],outputs('Compose_Urlaubstage'))",
                  "item/geplanterUrlaub": "@variables('Mitarbeiter')?['geplanterUrlaub']",
                  "item/genehmigterUrlaub": "@add(variables('Mitarbeiter')?['genehmigterUrlaub'],outputs('Compose_Urlaubstage'))"
                },
                "authentication": "@parameters('$authentication')"
              }
            }
          },
          "runAfter": {
            "Start_and_wait_for_an_approval": [
              "Succeeded"
            ]
          },
          "else": {
            "actions": {
              "Update_Urlaubsantrag_abgelehnt": {
                "runAfter": {},
                "metadata": {
                  "operationMetadataId": "75e53fd6-d2d6-404a-8f4a-42d56425c636"
                },
                "type": "OpenApiConnection",
                "inputs": {
                  "host": {
                    "connectionName": "shared_sharepointonline",
                    "operationId": "PatchItem",
                    "apiId": "/providers/Microsoft.PowerApps/apis/shared_sharepointonline"
                  },
                  "parameters": {
                    "dataset": "@parameters('SharePointPageURL (jk_SharePointPageURL)')",
                    "table": "@parameters('SPList_Urlaubsplanung_ID (jk_SPList_Urlaubsplanung_ID)')",
                    "id": "@triggerBody()?['ID']",
                    "item/Status/Value": "abgelehnt"
                  },
                  "authentication": "@parameters('$authentication')"
                }
              },
              "Update_Mitarbeiterurlaub_2_1": {
                "runAfter": {
                  "Update_Urlaubsantrag_abgelehnt": [
                    "Succeeded"
                  ]
                },
                "metadata": {
                  "operationMetadataId": "48cc6811-c062-4374-9a15-2892d18581d1"
                },
                "type": "OpenApiConnection",
                "inputs": {
                  "host": {
                    "connectionName": "shared_sharepointonline",
                    "operationId": "PatchItem",
                    "apiId": "/providers/Microsoft.PowerApps/apis/shared_sharepointonline"
                  },
                  "parameters": {
                    "dataset": "@parameters('SharePointPageURL (jk_SharePointPageURL)')",
                    "table": "@parameters('SPList_Urlaub_ID (jk_SPList_Urlaub_ID)')",
                    "id": "@variables('Mitarbeiter')?['ID']",
                    "item/geplanterUrlaub": "@variables('Mitarbeiter')?['geplanterUrlaub']"
                  },
                  "authentication": "@parameters('$authentication')"
                }
              }
            }
          },
          "expression": {
            "and": [
              {
                "equals": [
                  "@outputs('Start_and_wait_for_an_approval')?['body/outcome']",
                  "Approve"
                ]
              }
            ]
          },
          "metadata": {
            "operationMetadataId": "d2bf9b9b-7dcc-4a27-b9bb-19f8994a12b0"
          },
          "type": "If"
        }
      },
      "outputs": {}
    },
    "templateName": ""
  },
  "schemaVersion": "1.0.0.0"
}