{"swagger":"2.0","info":{"title":"Deutscher Bundestag - DIP","description":"API des Dokumentations- und Informationssystems für Parlamentsmaterialien","termsOfService":"https://dip.bundestag.de/%C3%BCber-dip/nutzungsbedingungen","contact":{"name":"Auskunfts- und Rechercheservice der Parlamentsdokumentation","email":"parlamentsdokumentation@bundestag.de"},"version":"1.2"},"host":"search.dip.bundestag.de","basePath":"/api/v1","schemes":["https"],"consumes":[],"produces":[],"paths":{"/vorgang":{"get":{"tags":["Vorgänge"],"summary":"Liefert eine Liste von Metadaten zu Vorgängen","operationId":"getVorgangList","produces":["application/json","application/xml"],"parameters":[{"$ref":"#/parameters/DatumStartFilter"},{"$ref":"#/parameters/DatumEndFilter"},{"$ref":"#/parameters/AktualisiertStartFilter"},{"$ref":"#/parameters/AktualisiertEndFilter"},{"$ref":"#/parameters/WahlperiodeFilter"},{"$ref":"#/parameters/DrucksacheFilter"},{"$ref":"#/parameters/IdFilter"},{"$ref":"#/parameters/PlenarprotokollFilter"},{"$ref":"#/parameters/DokumentartFilter"},{"$ref":"#/parameters/DokumentnummerFilter"},{"$ref":"#/parameters/DrucksachtypFilter"},{"$ref":"#/parameters/FrageNummerFilter"},{"$ref":"#/parameters/GestaFilter"},{"$ref":"#/parameters/Format"},{"$ref":"#/parameters/Cursor"}],"responses":{"200":{"description":"Liste von Metadaten zu Vorgängen","schema":{"$ref":"#/definitions/VorgangListResponse"}},"400":{"$ref":"#/responses/BadRequestResponse"},"401":{"$ref":"#/responses/UnauthorizedResponse"}}}},"/vorgang/{id}":{"get":{"tags":["Vorgänge"],"summary":"Liefert Metadaten zu einem Vorgang","operationId":"getVorgang","produces":["application/json","application/xml"],"parameters":[{"$ref":"#/parameters/Id"},{"$ref":"#/parameters/Format"}],"responses":{"200":{"description":"Metadaten eines Vorgangs","schema":{"$ref":"#/definitions/Vorgang"}},"401":{"$ref":"#/responses/UnauthorizedResponse"},"404":{"$ref":"#/responses/NotFoundResponse"}}}},"/vorgangsposition":{"get":{"tags":["Vorgangspositionen"],"summary":"Liefert eine Liste von Metadaten zu Vorgangspositionen","operationId":"getVorgangspositionList","produces":["application/json","application/xml"],"parameters":[{"$ref":"#/parameters/AktualisiertStartFilter"},{"$ref":"#/parameters/AktualisiertEndFilter"},{"$ref":"#/parameters/AktivitaetFilter"},{"$ref":"#/parameters/DatumStartFilter"},{"$ref":"#/parameters/DatumEndFilter"},{"$ref":"#/parameters/WahlperiodeFilter"},{"$ref":"#/parameters/DrucksacheFilter"},{"$ref":"#/parameters/IdFilter"},{"$ref":"#/parameters/PlenarprotokollFilter"},{"$ref":"#/parameters/VorgangFilter"},{"$ref":"#/parameters/DokumentartFilter"},{"$ref":"#/parameters/DokumentnummerFilter"},{"$ref":"#/parameters/DrucksachtypFilter"},{"$ref":"#/parameters/FrageNummerFilter"},{"$ref":"#/parameters/ZuordnungFilter"},{"$ref":"#/parameters/Format"},{"$ref":"#/parameters/Cursor"}],"responses":{"200":{"description":"Metadaten zu Vorgangspositionen","schema":{"$ref":"#/definitions/VorgangspositionListResponse"}},"400":{"$ref":"#/responses/BadRequestResponse"},"401":{"$ref":"#/responses/UnauthorizedResponse"}}}},"/vorgangsposition/{id}":{"get":{"tags":["Vorgangspositionen"],"summary":"Liefert Metadaten zu einer Vorgangsposition","operationId":"getVorgangsposition","produces":["application/json","application/xml"],"parameters":[{"$ref":"#/parameters/Id"},{"$ref":"#/parameters/Format"}],"responses":{"200":{"description":"Metadaten einer Vorgangsposition","schema":{"$ref":"#/definitions/Vorgangsposition"}},"401":{"$ref":"#/responses/UnauthorizedResponse"},"404":{"$ref":"#/responses/NotFoundResponse"}}}},"/drucksache":{"get":{"tags":["Drucksachen"],"summary":"Liefert eine Liste von Metadaten zu Drucksachen","operationId":"getDrucksacheList","produces":["application/json","application/xml"],"parameters":[{"$ref":"#/parameters/AktualisiertStartFilter"},{"$ref":"#/parameters/AktualisiertEndFilter"},{"$ref":"#/parameters/DatumStartFilter"},{"$ref":"#/parameters/DatumEndFilter"},{"$ref":"#/parameters/WahlperiodeFilter"},{"$ref":"#/parameters/IdFilter"},{"$ref":"#/parameters/DokumentnummerFilter"},{"$ref":"#/parameters/DrucksachtypFilter"},{"$ref":"#/parameters/ZuordnungFilter"},{"$ref":"#/parameters/Format"},{"$ref":"#/parameters/Cursor"}],"responses":{"200":{"description":"Metadaten zu Drucksachen","schema":{"$ref":"#/definitions/DrucksacheListResponse"}},"400":{"$ref":"#/responses/BadRequestResponse"},"401":{"$ref":"#/responses/UnauthorizedResponse"}}}},"/drucksache/{id}":{"get":{"tags":["Drucksachen"],"summary":"Liefert Metadaten zu einer Drucksache","operationId":"getDrucksache","produces":["application/json","application/xml"],"parameters":[{"$ref":"#/parameters/Id"},{"$ref":"#/parameters/Format"}],"responses":{"200":{"description":"Metadaten einer Drucksache","schema":{"$ref":"#/definitions/Drucksache"}},"401":{"$ref":"#/responses/UnauthorizedResponse"},"404":{"$ref":"#/responses/NotFoundResponse"}}}},"/drucksache-text":{"get":{"tags":["Drucksachen"],"summary":"Liefert eine Liste von Volltexten und Metadaten zu Drucksachen","operationId":"getDrucksacheTextList","produces":["application/json","application/xml"],"parameters":[{"$ref":"#/parameters/AktualisiertStartFilter"},{"$ref":"#/parameters/AktualisiertEndFilter"},{"$ref":"#/parameters/DatumStartFilter"},{"$ref":"#/parameters/DatumEndFilter"},{"$ref":"#/parameters/WahlperiodeFilter"},{"$ref":"#/parameters/IdFilter"},{"$ref":"#/parameters/DokumentnummerFilter"},{"$ref":"#/parameters/DrucksachtypFilter"},{"$ref":"#/parameters/ZuordnungFilter"},{"$ref":"#/parameters/Format"},{"$ref":"#/parameters/Cursor"}],"responses":{"200":{"description":"Volltext und Metadaten zu Drucksachen","schema":{"$ref":"#/definitions/DrucksacheTextListResponse"}},"400":{"$ref":"#/responses/BadRequestResponse"},"401":{"$ref":"#/responses/UnauthorizedResponse"}}}},"/drucksache-text/{id}":{"get":{"tags":["Drucksachen"],"summary":"Liefert Volltext und Metadaten zu einer Drucksache","operationId":"getDrucksacheText","produces":["application/json","application/xml"],"parameters":[{"$ref":"#/parameters/Id"},{"$ref":"#/parameters/Format"}],"responses":{"200":{"description":"Volltext und Metadaten einer Drucksache","schema":{"$ref":"#/definitions/DrucksacheText"}},"401":{"$ref":"#/responses/UnauthorizedResponse"},"404":{"$ref":"#/responses/NotFoundResponse"}}}},"/plenarprotokoll":{"get":{"tags":["Plenarprotokolle"],"summary":"Liefert eine Liste von Metadaten zu Plenarprotokollen","operationId":"getPlenarprotokollList","produces":["application/json","application/xml"],"parameters":[{"$ref":"#/parameters/AktualisiertStartFilter"},{"$ref":"#/parameters/AktualisiertEndFilter"},{"$ref":"#/parameters/DatumStartFilter"},{"$ref":"#/parameters/DatumEndFilter"},{"$ref":"#/parameters/WahlperiodeFilter"},{"$ref":"#/parameters/IdFilter"},{"$ref":"#/parameters/DokumentnummerFilter"},{"$ref":"#/parameters/ZuordnungFilter"},{"$ref":"#/parameters/Format"},{"$ref":"#/parameters/Cursor"}],"responses":{"200":{"description":"Metadaten zu Plenarprotokollen","schema":{"$ref":"#/definitions/PlenarprotokollListResponse"}},"400":{"$ref":"#/responses/BadRequestResponse"},"401":{"$ref":"#/responses/UnauthorizedResponse"}}}},"/plenarprotokoll/{id}":{"get":{"tags":["Plenarprotokolle"],"summary":"Liefert Metadaten zu einem Plenarprotokoll","operationId":"getPlenarprotokoll","produces":["application/json","application/xml"],"parameters":[{"$ref":"#/parameters/Id"},{"$ref":"#/parameters/Format"}],"responses":{"200":{"description":"Metadaten eines Plenarprotokolls","schema":{"$ref":"#/definitions/Plenarprotokoll"}},"401":{"$ref":"#/responses/UnauthorizedResponse"},"404":{"$ref":"#/responses/NotFoundResponse"}}}},"/plenarprotokoll-text":{"get":{"tags":["Plenarprotokolle"],"summary":"Liefert eine Liste von Volltexten und Metadaten zu Plenarprotokollen","operationId":"getPlenarprotokollTextList","produces":["application/json","application/xml"],"parameters":[{"$ref":"#/parameters/AktualisiertStartFilter"},{"$ref":"#/parameters/AktualisiertEndFilter"},{"$ref":"#/parameters/DatumStartFilter"},{"$ref":"#/parameters/DatumEndFilter"},{"$ref":"#/parameters/WahlperiodeFilter"},{"$ref":"#/parameters/IdFilter"},{"$ref":"#/parameters/DokumentnummerFilter"},{"$ref":"#/parameters/ZuordnungFilter"},{"$ref":"#/parameters/Format"},{"$ref":"#/parameters/Cursor"}],"responses":{"200":{"description":"Volltext und Metadaten zu Plenarprotokollen","schema":{"$ref":"#/definitions/PlenarprotokollTextListResponse"}},"400":{"$ref":"#/responses/BadRequestResponse"},"401":{"$ref":"#/responses/UnauthorizedResponse"}}}},"/plenarprotokoll-text/{id}":{"get":{"tags":["Plenarprotokolle"],"summary":"Liefert Volltext und Metadaten zu einem Plenarprotokoll","operationId":"getPlenarprotokollText","produces":["application/json","application/xml"],"parameters":[{"$ref":"#/parameters/Id"},{"$ref":"#/parameters/Format"}],"responses":{"200":{"description":"Volltext und Metadaten eines Plenarprotokolls","schema":{"$ref":"#/definitions/PlenarprotokollText"}},"401":{"$ref":"#/responses/UnauthorizedResponse"},"404":{"$ref":"#/responses/NotFoundResponse"}}}},"/aktivitaet":{"get":{"tags":["Aktivitäten"],"summary":"Liefert eine Liste von Metadaten zu Aktivitäten","operationId":"getAktivitaetList","produces":["application/json","application/xml"],"parameters":[{"$ref":"#/parameters/AktualisiertStartFilter"},{"$ref":"#/parameters/AktualisiertEndFilter"},{"$ref":"#/parameters/DatumStartFilter"},{"$ref":"#/parameters/DatumEndFilter"},{"$ref":"#/parameters/WahlperiodeFilter"},{"$ref":"#/parameters/DrucksacheFilter"},{"$ref":"#/parameters/IdFilter"},{"$ref":"#/parameters/PlenarprotokollFilter"},{"$ref":"#/parameters/DokumentartFilter"},{"$ref":"#/parameters/DokumentnummerFilter"},{"$ref":"#/parameters/DrucksachtypFilter"},{"$ref":"#/parameters/FrageNummerFilter"},{"$ref":"#/parameters/ZuordnungFilter"},{"$ref":"#/parameters/Format"},{"$ref":"#/parameters/Cursor"}],"responses":{"200":{"description":"Metadaten zu Aktivitäten","schema":{"$ref":"#/definitions/AktivitaetListResponse"}},"400":{"$ref":"#/responses/BadRequestResponse"},"401":{"$ref":"#/responses/UnauthorizedResponse"}}}},"/aktivitaet/{id}":{"get":{"tags":["Aktivitäten"],"summary":"Liefert Metadaten zu einer Aktivität","operationId":"getAktivitaet","produces":["application/json","application/xml"],"parameters":[{"$ref":"#/parameters/Id"},{"$ref":"#/parameters/Format"}],"responses":{"200":{"description":"Metadaten einer Aktivität","schema":{"$ref":"#/definitions/Aktivitaet"}},"401":{"$ref":"#/responses/UnauthorizedResponse"},"404":{"$ref":"#/responses/NotFoundResponse"}}}},"/person":{"get":{"tags":["Personenstammdaten"],"summary":"Liefert eine Liste von Personenstammdaten","operationId":"getPersonList","produces":["application/json","application/xml"],"parameters":[{"$ref":"#/parameters/AktualisiertStartFilter"},{"$ref":"#/parameters/AktualisiertEndFilter"},{"$ref":"#/parameters/DatumStartFilter"},{"$ref":"#/parameters/DatumEndFilter"},{"$ref":"#/parameters/WahlperiodeFilter"},{"$ref":"#/parameters/IdFilter"},{"$ref":"#/parameters/Format"},{"$ref":"#/parameters/Cursor"}],"responses":{"200":{"description":"Personenstammdaten","schema":{"$ref":"#/definitions/PersonListResponse"}},"400":{"$ref":"#/responses/BadRequestResponse"},"401":{"$ref":"#/responses/UnauthorizedResponse"}}}},"/person/{id}":{"get":{"tags":["Personenstammdaten"],"summary":"Liefert Personenstammdaten zu einer Person","operationId":"getPerson","produces":["application/json","application/xml"],"parameters":[{"$ref":"#/parameters/Id"},{"$ref":"#/parameters/Format"}],"responses":{"200":{"description":"Personenstammdaten","schema":{"$ref":"#/definitions/Person"}},"401":{"$ref":"#/responses/UnauthorizedResponse"},"404":{"$ref":"#/responses/NotFoundResponse"}}}}},"definitions":{"ListResponseBase":{"required":["numFound","cursor"],"type":"object","properties":{"numFound":{"format":"int32","type":"integer","example":176},"cursor":{"type":"string","example":"AoJwgNjC_PYCMURydWNrc2FjaGUtMjQ5MjYw"}},"xml":{"name":"response"}},"VorgangListResponse":{"allOf":[{"$ref":"#/definitions/ListResponseBase"},{"required":["documents"],"type":"object","properties":{"documents":{"maxItems":100,"minItems":0,"type":"array","items":{"$ref":"#/definitions/Vorgang"}}}}]},"VorgangspositionListResponse":{"allOf":[{"$ref":"#/definitions/ListResponseBase"},{"required":["documents"],"type":"object","properties":{"documents":{"maxItems":100,"minItems":0,"type":"array","items":{"$ref":"#/definitions/Vorgangsposition"}}}}]},"PlenarprotokollListResponse":{"allOf":[{"$ref":"#/definitions/ListResponseBase"},{"required":["documents"],"type":"object","properties":{"documents":{"maxItems":100,"minItems":0,"type":"array","items":{"$ref":"#/definitions/Plenarprotokoll"}}}}]},"DrucksacheListResponse":{"allOf":[{"$ref":"#/definitions/ListResponseBase"},{"required":["documents"],"type":"object","properties":{"documents":{"maxItems":100,"minItems":0,"type":"array","items":{"$ref":"#/definitions/Drucksache"}}}}]},"PlenarprotokollTextListResponse":{"allOf":[{"$ref":"#/definitions/ListResponseBase"},{"required":["documents"],"type":"object","properties":{"documents":{"maxItems":10,"minItems":0,"type":"array","items":{"$ref":"#/definitions/PlenarprotokollText"}}}}]},"DrucksacheTextListResponse":{"allOf":[{"$ref":"#/definitions/ListResponseBase"},{"required":["documents"],"type":"object","properties":{"documents":{"maxItems":10,"minItems":0,"type":"array","items":{"$ref":"#/definitions/DrucksacheText"}}}}]},"AktivitaetListResponse":{"allOf":[{"$ref":"#/definitions/ListResponseBase"},{"required":["documents"],"type":"object","properties":{"documents":{"maxItems":100,"minItems":0,"type":"array","items":{"$ref":"#/definitions/Aktivitaet"}}}}]},"PersonListResponse":{"allOf":[{"$ref":"#/definitions/ListResponseBase"},{"required":["documents"],"type":"object","properties":{"documents":{"maxItems":100,"minItems":0,"type":"array","items":{"$ref":"#/definitions/Person"}}}}]},"Vorgang":{"description":"Liefert Metadaten zu einem Vorgang.","required":["id","typ","vorgangstyp","wahlperiode","aktualisiert","titel"],"type":"object","properties":{"id":{"pattern":"^\\d+$","type":"string","example":"84343"},"typ":{"enum":["Vorgang"],"type":"string","example":"Vorgang"},"beratungsstand":{"type":"string","example":"Abgeschlossen"},"vorgangstyp":{"type":"string","example":"Geschäftsordnung"},"wahlperiode":{"format":"int32","type":"integer","example":19},"initiative":{"type":"array","items":{"type":"string","example":"Fraktion der CDU/CSU"}},"datum":{"format":"date","description":"Datierung des letzten zugehörigen Dokuments","type":"string","example":"2019-03-27"},"aktualisiert":{"format":"date-time","description":"Letzte Aktualisierung der Entität","type":"string","example":"2022-08-01T13:30:16+00:00"},"titel":{"type":"string","example":"Weitergeltung von Geschäftsordnungsrecht"},"abstract":{"type":"string","example":"Übernahme von Geschäftsordnungen durch den 19. Deutschen Bundestag: Geschäftsordnung des Deutschen Bundestages, Gemeinsame Geschäftsordnung für den Vermittlungsausschuss, Geschäftsordnung für den Gemeinsamen Ausschuss, Geschäftsordnung für das Verfahren nach Art. 115d GG, Richtlinien zur Überprüfung auf eine Stasi-Tätigkeit"},"sachgebiet":{"type":"array","items":{"type":"string","example":"Bundestag"}},"deskriptor":{"type":"array","items":{"$ref":"#/definitions/VorgangDeskriptor"}},"gesta":{"description":"GESTA-Ordnungsnummer","type":"string","example":"B101"},"zustimmungsbeduerftigkeit":{"type":"array","items":{"type":"string","example":"Nein, laut Verkündung (BGBl I)"}},"kom":{"description":"KOM-Nr.","type":"string","example":"(2017) 600 endg."},"ratsdok":{"description":"Ratsdok-Nr.","type":"string","example":"11018/17"},"verkuendung":{"type":"array","items":{"$ref":"#/definitions/Verkuendung"}},"inkrafttreten":{"type":"array","items":{"$ref":"#/definitions/Inkrafttreten"}},"archiv":{"description":"Archivsignatur","type":"string","example":"XIX/288"},"mitteilung":{"type":"string","example":"Tag des Inkrafttretens bestimmter Teile des Gesetzes wird durch das BMI im BGBl bekanntgemacht, weiteres siehe im BGBl"},"vorgang_verlinkung":{"type":"array","items":{"$ref":"#/definitions/VorgangVerlinkung"}},"sek":{"description":"SEK-Nr.","type":"string","example":"(2010) 305 endg."}},"xml":{"name":"document"}},"Vorgangsposition":{"description":"Liefert Metadaten zu einer Vorgangsposition (Vorgangsschritt).","required":["id","vorgangsposition","zuordnung","gang","fortsetzung","nachtrag","vorgangstyp","typ","titel","dokumentart","vorgang_id","datum","aktualisiert","fundstelle","aktivitaet_anzahl"],"type":"object","properties":{"id":{"pattern":"^\\d+$","type":"string","example":"173376"},"vorgangsposition":{"type":"string","example":"Antrag zur Weitergeltung der Geschäftsordnung"},"zuordnung":{"$ref":"#/definitions/Zuordnung"},"gang":{"description":"Alle Vorgangsschritte, die von besonderer Bedeutung für den Fortgang der Beratung sind, werden durch das Attribut `gang: true` gekennzeichnet.\n\nIst ein solcher Vorgangsschritt mit einer Drucksache verknüpft, werden im Frontend unter der Benennung \"Wichtige Drucksachen\" Herausgeber, Nummer und Typ sowie das Datum der entsprechenden Drucksachen ausgegeben (z.B. BT-Drs 18/13014 (Beschlussempfehlung), 28.06.2017). \nIst er mit einem Plenarprotokoll verknüpft, werden im Frontend unter der Benennung \"Plenum\" der Klartext der Vorgangsposition, Datum, Herausgeber und Nummer des Plenarprotokolls mit Anfangsseite/Quadrant und Endseite/Quadrant dargestellt (z.B. 2. Beratung: 29.06.2017, BT-PlPr 18/243, S. 24964C - 24973C).\n","type":"boolean"},"fortsetzung":{"description":"Erstreckt sich eine Beratung über mehrere Plenarprotokolle, so müssen entsprechend viele Vorgangsschritte mit je gleicher Vorgangsposition im Vorgangsablauf angelegt werden. Der zweite und jeder weitere dieser Schritte wird dann als \"Fortsetzung\" gekennzeichnet (Attribut `fortsetzung: true`). \nFür die Beratung des Gesetzentwurfs für die Feststellung des Haushaltsplanes (Haushaltsberatungen) gelten abweichende Regelungen.\n","type":"boolean"},"nachtrag":{"description":"Eine Auswertungseinheit eines Plenarprotokolls kann nur an genau einen Vorgangsschritt angebunden werden. \nMüssen aber mehrere Auswertungseinheiten für einen Vorgangsschritt gebildet werden (weil die Ergänzung einer Rede erst in einem späteren Protokoll erscheint oder weil sich z.B. bei einer Verbundenen Beratung (§ 24 GO-BT) nicht alle Schriftlichen Erklärungen nach § 31 GO-BT auf sämtliche Vorlagen beziehen), \ndann müssen im Vorgangsablauf mehrere Vorgangsschritte mit der gleichen Vorgangsposition angelegt werden. Der zweite und jeder weitere dieser Schritte wird dann als \"Nachtrag\" gekennzeichnet (Attribut `nachtrag: true`)\n","type":"boolean"},"vorgangstyp":{"description":"Vorgangstyp des zugehörigen Vorgangs","type":"string","example":"Geschäftsordnung"},"typ":{"enum":["Vorgangsposition"],"type":"string","example":"Vorgangsposition"},"titel":{"description":"Titel des zugehörigen Vorgangs","type":"string","example":"Weitergeltung von Geschäftsordnungsrecht"},"dokumentart":{"enum":["Drucksache","Plenarprotokoll"],"type":"string","example":"Drucksache"},"vorgang_id":{"description":"ID des zugehörigen Vorgangs","pattern":"^\\d+$","type":"string","example":"84343"},"datum":{"format":"date","description":"Datum des zugehörigen Dokuments","type":"string","example":"2017-10-24"},"aktualisiert":{"format":"date-time","description":"Letzte Aktualisierung der Entität oder des zugehörigen Dokuments","type":"string","example":"2022-08-01T13:30:16+00:00"},"fundstelle":{"$ref":"#/definitions/Fundstelle"},"urheber":{"type":"array","items":{"$ref":"#/definitions/Urheber"}},"ueberweisung":{"type":"array","items":{"$ref":"#/definitions/Ueberweisung"}},"aktivitaet_anzeige":{"description":"Zusammenfassung der ersten 4 zur Anzeige vorgesehenen Aktivitäten","maxItems":4,"minItems":0,"type":"array","items":{"$ref":"#/definitions/AktivitaetAnzeige"}},"aktivitaet_anzahl":{"format":"int32","description":"Gesamtzahl der zugehörigen Aktivitäten","type":"integer","example":2},"ressort":{"type":"array","items":{"$ref":"#/definitions/Ressort"}},"beschlussfassung":{"type":"array","items":{"$ref":"#/definitions/Beschlussfassung"}},"ratsdok":{"description":"Ratsdok-Nr.","type":"string","example":"11018/17"},"kom":{"description":"KOM-Nr.","type":"string","example":"(2017) 600 endg."},"sek":{"description":"SEK-Nr.","type":"string","example":"(2010) 305 endg."},"mitberaten":{"description":"Es ist eine häufig geübte Praxis, mehrere thematisch verwandte Vorlagen (z.B. konkurrierende Anträge der verschiedenen Fraktionen zum Thema Diesel-Fahrverbote) in einer Debatte gemeinsam zu beraten (\"Zusammenberatung\").\n\n`mitberaten` liefert, von einem Vorgang ausgehend, alle anderen Vorgänge, die Gegenstand der Zusammenberatung sind.\n","type":"array","items":{"$ref":"#/definitions/Vorgangspositionbezug"}},"abstract":{"type":"string","example":"Stellungnahme der BRg zu den Tätigkeitsberichten 2016/2017 der Bundesnetzagentur  - Telekommunikation und Post - mit den Sondergutachten der Monopolkommission"}},"xml":{"name":"document"}},"Drucksache":{"description":"Liefert Metadaten zu einer Drucksache.","required":["id","drucksachetyp","dokumentart","autoren_anzahl","typ","vorgangsbezug_anzahl","dokumentnummer","herausgeber","datum","aktualisiert","titel","fundstelle"],"type":"object","properties":{"id":{"pattern":"^\\d+$","type":"string","example":"68852"},"typ":{"enum":["Dokument"],"type":"string","example":"Dokument"},"dokumentart":{"enum":["Drucksache"],"type":"string","example":"Drucksache"},"drucksachetyp":{"type":"string","example":"Antrag"},"dokumentnummer":{"type":"string","example":"19/1"},"wahlperiode":{"format":"int32","type":"integer","example":19},"herausgeber":{"enum":["BT","BR"],"type":"string","example":"BT"},"datum":{"format":"date","type":"string","example":"2017-10-24"},"aktualisiert":{"format":"date-time","description":"Letzte Aktualisierung der Entität","type":"string","example":"2022-08-01T13:30:16+00:00"},"titel":{"type":"string","example":"Weitergeltung von Geschäftsordnungsrecht"},"autoren_anzeige":{"description":"Zusammenfassung der ersten 4 zur Anzeige markierten Autor:innen","maxItems":4,"minItems":0,"type":"array","items":{"required":["id","title","autor_titel"],"type":"object","properties":{"id":{"description":"ID von Personenstammdaten","pattern":"^\\d+$","type":"string","example":"546"},"title":{"type":"string","example":"Kai Gehring, MdB, BÜNDNIS 90/DIE GRÜNEN"},"autor_titel":{"type":"string","example":"Kai Gehring"}}}},"autoren_anzahl":{"format":"int32","description":"Gesamtzahl der Autor:innen","type":"integer","example":4},"fundstelle":{"$ref":"#/definitions/Fundstelle"},"pdf_hash":{"description":"MD5-Prüfsumme der PDF-Datei","type":"string","example":"a33af31e7c4524db8db172ef8f9e0f6d"},"urheber":{"type":"array","items":{"$ref":"#/definitions/Urheber"}},"vorgangsbezug":{"description":"Zusammenfassung der ersten 4 zugehörigen Vorgänge","maxItems":4,"minItems":0,"type":"array","items":{"$ref":"#/definitions/Vorgangsbezug"}},"vorgangsbezug_anzahl":{"format":"int32","description":"Gesamtzahl der zugehörigen Vorgänge","type":"integer","example":6},"ressort":{"type":"array","items":{"$ref":"#/definitions/Ressort"}},"anlagen":{"type":"string","example":"Verzeichnis der Gutachten des Sachverständigenrates"}},"xml":{"name":"document"}},"Plenarprotokoll":{"description":"Liefert Metadaten zu einem Plenarprotokoll.","required":["id","dokumentart","typ","vorgangsbezug_anzahl","dokumentnummer","herausgeber","datum","aktualisiert","titel","fundstelle"],"type":"object","properties":{"id":{"pattern":"^\\d+$","type":"string","example":"908"},"dokumentart":{"enum":["Plenarprotokoll"],"type":"string","example":"Plenarprotokoll"},"typ":{"enum":["Dokument"],"type":"string","example":"Dokument"},"dokumentnummer":{"type":"string","example":"19/1"},"wahlperiode":{"format":"int32","type":"integer","example":19},"herausgeber":{"$ref":"#/definitions/Zuordnung"},"datum":{"format":"date","type":"string","example":"2017-10-24"},"aktualisiert":{"format":"date-time","description":"Letzte Aktualisierung der Entität","type":"string","example":"2022-08-01T13:30:16+00:00"},"titel":{"type":"string","example":"Protokoll der 1. Sitzung des 19. Deutschen Bundestages"},"fundstelle":{"$ref":"#/definitions/Fundstelle"},"pdf_hash":{"description":"MD5-Prüfsumme der PDF-Datei","type":"string","example":"a33af31e7c4524db8db172ef8f9e0f6d"},"vorgangsbezug":{"description":"Zusammenfassung der ersten 4 zugehörigen Vorgänge","maxItems":4,"minItems":0,"type":"array","items":{"$ref":"#/definitions/Vorgangsbezug"}},"vorgangsbezug_anzahl":{"format":"int32","description":"Gesamtzahl der zugehörigen Vorgänge","type":"integer","example":6},"sitzungsbemerkung":{"type":"string","example":"Sondersitzung"}},"xml":{"name":"document"}},"DokumentTextBase":{"description":"Liefert zusätzlich zu den Metadaten den Volltext eines Dokuments.","type":"object","properties":{"text":{"description":"Volltext des Dokuments\n\nDas Beispiel enthält einen gekürzten Auszug einer Drucksache.\n","type":"string","example":"Deutscher Bundestag Drucksache 19/1\n19. Wahlperiode 24.10.2017\n\nAntrag\nder Fraktion der CDU/CSU\nWeitergeltung von Geschäftsordnungsrecht\nDer Bundestag wolle beschließen:\nFür die 19. Wahlperiode werden übernommen\n– die Geschäftsordnung des Deutschen Bundestages einschließlich ihrer Anla-\ngen, soweit sie vom Deutschen Bundestag zu beschließen sind, in der Fassung\nder Bekanntmachung vom 2. Juli 1980 (BGBl. I S. 1237), zuletzt geändert\nlaut Bekanntmachung vom 12. Juni 2017 (BGBl. I S. 1877), wobei § 126a der\nGeschäftsordnung mit Ablauf der 18. Wahlperiode entfallen ist;\n– die Gemeinsame Geschäftsordnung des Bundestages und des Bundesrates für\nden Ausschuss nach Artikel 77 des Grundgesetzes (Vermittlungsausschuss)\nvom 5. Mai 1951 (BGBl. II S. 103), zuletzt geändert laut Bekanntmachung vom\n30. April 2003 (BGBl. I S. 677);\n– die Geschäftsordnung für den Gemeinsamen Ausschuss vom 23. Juli 1969\n(BGBl. I S. 1102), zuletzt geändert laut Bekanntmachung vom 20. Juli 1993\n(BGBl. I S. 1500);\n– die Geschäftsordnung für das Verfahren nach Artikel 115d des Grundgesetzes\nvom 23. Juli 1969 (BGBl. I S. 1100);\n– die Richtlinien zur Überprüfung auf eine Tätigkeit oder politische Verantwor-\ntung für das Ministerium für Staatssicherheit/Amt für Nationale Sicherheit der\nehemaligen Deutschen Demokratischen Republik vom 13. Dezember 1991\n(BGBl. 1992 I S. 76), zuletzt geändert laut Bekanntmachung vom 21. Oktober\n2005 (BGBl. I S. 3094).\nBerlin, den 23. Oktober 2017\nVolker Kauder, Alexander Dobrindt und Fraktion\nSatz: Satzweiss.com Print, Web, Software GmbH, Mainzer Straße 116, 66121 Saarbrücken, www.satzweiss.com\nDruck: Printsystem GmbH, Schafwäsche 1-3, 71296 Heimsheim, www.printsystem.de\nVertrieb: Bundesanzeiger Verlag GmbH, Postfach 10 05 34, 50445 Köln, Telefon (02 21) 97 66 83 40, Fax (02 21) 97 66 83 44, www.betrifft-gesetze.de\nISSN 0722-8333\n"}}},"DrucksacheText":{"allOf":[{"$ref":"#/definitions/Drucksache"},{"$ref":"#/definitions/DokumentTextBase"}]},"PlenarprotokollText":{"allOf":[{"$ref":"#/definitions/Plenarprotokoll"},{"$ref":"#/definitions/DokumentTextBase"}]},"Aktivitaet":{"description":"Liefert Metadaten zu einer Aktivität.","required":["id","aktivitaetsart","typ","vorgangsbezug_anzahl","dokumentart","wahlperiode","datum","aktualisiert","titel","fundstelle"],"type":"object","properties":{"id":{"pattern":"^\\d+$","type":"string","example":"1493545"},"aktivitaetsart":{"type":"string","example":"Rede"},"typ":{"enum":["Aktivität"],"type":"string","example":"Aktivität"},"dokumentart":{"enum":["Drucksache","Plenarprotokoll"],"type":"string","example":"Plenarprotokoll"},"wahlperiode":{"format":"int32","type":"integer","example":19},"datum":{"format":"date","type":"string","example":"2020-12-11"},"aktualisiert":{"format":"date-time","description":"Letzte Aktualisierung der Entität oder des zugehörigen Dokuments","type":"string","example":"2022-08-01T13:30:16+00:00"},"titel":{"type":"string","example":"Olaf Scholz, Bundesmin., Bundesministerium der Finanzen"},"fundstelle":{"$ref":"#/definitions/Fundstelle"},"vorgangsbezug":{"description":"Zusammenfassung der ersten 4 zugehörigen Vorgänge","maxItems":4,"minItems":0,"type":"array","items":{"$ref":"#/definitions/Vorgangspositionbezug"}},"vorgangsbezug_anzahl":{"format":"int32","description":"Gesamtzahl der zugehörigen Vorgänge","type":"integer","example":18},"deskriptor":{"type":"array","items":{"$ref":"#/definitions/Deskriptor"}},"abstract":{"type":"string","example":"Zusammenberaten mit Finanzplan"}},"xml":{"name":"document"}},"Person":{"description":"Liefert Personenstammdaten zu einer Person","required":["id","nachname","vorname","typ","aktualisiert","titel"],"type":"object","properties":{"id":{"pattern":"^\\d+$","type":"string","example":"1728"},"nachname":{"type":"string","example":"Leyen"},"vorname":{"type":"string","example":"Ursula"},"namenszusatz":{"type":"string","example":"von der"},"typ":{"type":"string","example":"Person"},"wahlperiode":{"format":"int32","description":"Wahlperiode des ersten zugehörigen Dokuments","type":"integer","example":15},"basisdatum":{"format":"date","description":"Datum des ersten zugehörigen Dokuments","type":"string","example":"2003-09-09"},"datum":{"format":"date","description":"Datum des letzten zugehörigen Dokuments","type":"string","example":"2019-06-25"},"aktualisiert":{"format":"date-time","description":"Letzte Aktualisierung der Entität","type":"string","example":"2022-08-01T13:30:16+00:00"},"titel":{"type":"string","example":"Dr.  Ursula von der Leyen, Bundesmin., Bundesministerium der Verteidigung"},"person_roles":{"description":"Nebeneinträge mit bspw. abweichenden Funktionen oder Namensänderungen","type":"array","items":{"$ref":"#/definitions/PersonRole"}}},"xml":{"name":"document"}},"AktivitaetAnzeige":{"description":"Liefert im Vorgangsablauf die beim Vorgangsschritt zur Anzeige vorgesehenen Aktivitäten, z. B. eine Rede eines MdB beim Vorgangsschritt 1. Beratung in einem Gesetzgebungsvorgang.","required":["aktivitaetsart","titel"],"type":"object","properties":{"aktivitaetsart":{"type":"string","example":"Rede"},"titel":{"type":"string","example":"Prof. Dr. Patrick Sensburg, MdB, CDU/CSU"},"pdf_url":{"type":"string","example":"https://dserver.bundestag.de/btp/19/19083.pdf#P.9800"},"seite":{"type":"string","example":"9800D"}}},"Beschlussfassung":{"description":"Liefert die Beschlussfassung (z. B. Annahme, Ablehnung, Kenntnisnahme) zu einer Drucksache mit Fundstelle im Plenarprotokoll sowie Angaben zu ggf. erforderlichen qualifizierten Mehrheiten (`mehrheit`) bzw. der besonderen Abstimmungsverfahren (`abstimmungsart`).","required":["beschlusstenor"],"type":"object","properties":{"beschlusstenor":{"type":"string","example":"Annahme der Vorlage"},"seite":{"type":"string","example":"11B"},"abstimmungsart":{"enum":["Abstimmung durch Aufruf der Länder","Geheime Wahl","Hammelsprung","Namentliche Abstimmung","Verhältniswahl"],"type":"string"},"abstimm_ergebnis_bemerkung":{"type":"string","example":"einstimmig"},"grundlage":{"type":"string","example":"Art. 80 Abs. 2 GG"},"dokumentnummer":{"type":"string","example":"19/8"},"mehrheit":{"enum":["Absolute Mehrheit","Zweidrittelmehrheit"],"type":"string"}}},"Deskriptor":{"description":"Liefert die mit einer Aktivität zu deren inhaltlichen Beschreibung verknüpften Schlagwörter. Die Schlagwörter (Deskriptoren) entstammen dem kontrollierten Vokabular des Parlamentsthesaurus ANTHES/PARTHES und stehen in thematischer Beziehung zueinander.\n\nSiehe auch: VorgangDeskriptor\n","required":["name","typ"],"type":"object","properties":{"name":{"type":"string","example":"Parlamentarische Geschäftsordnung"},"typ":{"enum":["Freier Deskriptor","Geograph. Begriffe","Institutionen","Personen","Rechtsmaterialien","Sachbegriffe"],"type":"string","example":"Sachbegriffe"}}},"Fundstelle":{"description":"Liefert im Vorgangsablauf das zu einem Vorgangsschritt gehörende Dokument (Drucksache oder Protokoll). \n\nBeispiel: „BT-Drucksache 19/1 (Antrag Fraktion der CDU/CSU)“ oder beim Vorgangsschritt Beratung „BT-Plenarprotokoll 19/1, S. 4C-12A“.\n","required":["id","dokumentnummer","datum","dokumentart","herausgeber","urheber"],"type":"object","properties":{"id":{"description":"ID einer Drucksache oder eines Plenarprotokolls","pattern":"^\\d+$","type":"string","example":"68852"},"dokumentart":{"enum":["Drucksache","Plenarprotokoll"],"type":"string","example":"Drucksache"},"pdf_url":{"type":"string","example":"https://dserver.bundestag.de/btd/19/000/1900001.pdf"},"dokumentnummer":{"type":"string","example":"19/1"},"datum":{"format":"date","type":"string","example":"2017-10-24"},"drucksachetyp":{"type":"string","example":"Antrag"},"herausgeber":{"$ref":"#/definitions/Zuordnung"},"urheber":{"type":"array","items":{"description":"Körperschaftliche Urheber der zugehörigen Drucksache","type":"string","example":"Fraktion der CDU/CSU"}},"verteildatum":{"format":"date","type":"string","example":"2017-10-25"},"seite":{"type":"string","example":"4292B"},"anfangsseite":{"type":"integer","example":4251},"endseite":{"type":"integer","example":4298},"anfangsquadrant":{"$ref":"#/definitions/Quadrant"},"endquadrant":{"$ref":"#/definitions/Quadrant"},"frage_nummer":{"type":"string","example":"C.4"},"anlagen":{"type":"string","example":"Verzeichnis der Gutachten des Sachverständigenrates"},"top":{"format":"int32","type":"integer","example":2},"top_zusatz":{"type":"string","example":"b"}}},"Inkrafttreten":{"description":"Liefert im Gesetzgebungsvorgang zu einem verkündeten Gesetz das Datum des Tages, an dem das Gesetz in Kraft tritt bzw. an dem Teile eines Gesetzes in Kraft treten.","required":["datum"],"type":"object","properties":{"datum":{"format":"date","type":"string","example":"2020-06-06"},"erlaeuterung":{"type":"string","example":"Artikel 1 Nr. 14, Artikel 3 Nr. 4, Artikel 4 Nr. 4"}}},"PersonRole":{"description":"Liefert den Eintrag einer Person in einer bestimmten Rolle oder Funktion.","required":["funktion","nachname","vorname"],"type":"object","properties":{"funktion":{"type":"string","example":"LMin Soz u. Frauen"},"funktionszusatz":{"type":"string","example":"Stellv. MdBR"},"fraktion":{"type":"string","example":"CDU/CSU"},"nachname":{"type":"string","example":"Leyen"},"vorname":{"type":"string","example":"Ursula"},"namenszusatz":{"type":"string","example":"von der"},"wahlperiode_nummer":{"description":"Wahlperioden, für die der Personeneintrag zutrifft","type":"array","items":{"format":"int32","type":"integer"},"example":[17,18,19]},"wahlkreiszusatz":{"type":"string","example":"Hannover"},"ressort_titel":{"type":"string","example":"Bundesministerium für Familie, Senioren, Frauen und Jugend"},"bundesland":{"$ref":"#/definitions/Bundesland"}}},"Ressort":{"description":"Liefert das Ressort (Bundesministerium), das innerhalb der Bundesregierung federführend für die Ausarbeitung z. B. eines Gesetzentwurfs oder eines Antrags oder die Beantwortung von Anfragen ist. Wird nur verwendet, wenn Urheber einer Drucksache die Bundesregierung ist.\n\nDas Ressort wird auch bei persönlichen Urhebern verwendet, um die Funktion von Angehörigen der Bundesregierung zu präzisieren, z. B. „Dr. Robert Habeck, Bundesmin., Bundesministerium für Wirtschaft und Klimaschutz“ oder „Dr. Florian Toncar, Parl. Staatssekr., Bundesministerium der Finanzen“.\n","required":["federfuehrend","titel"],"type":"object","properties":{"federfuehrend":{"type":"boolean","example":true},"titel":{"type":"string","example":"Bundesministerium für Wirtschaft und Energie"}}},"Ueberweisung":{"description":"Liefert den Ausschuss bzw. die Ausschüsse, an die eine Drucksache überwiesen wurde, unter Angabe der Federführung und ggf. der Überweisungsart (z. B. „gemäß § 96 Geschäftsordnung BT“).","required":["ausschuss","ausschuss_kuerzel","federfuehrung"],"type":"object","properties":{"ausschuss":{"type":"string","example":"Ausschuss für Wahlprüfung, Immunität und Geschäftsordnung"},"ausschuss_kuerzel":{"type":"string","example":"AfWIuG"},"federfuehrung":{"type":"boolean","example":true},"ueberweisungsart":{"type":"string","example":"gemäß § 96 Geschäftsordnung BT"}}},"Urheber":{"description":"Liefert den körperschaftlichen Urheber einer Bundestags- oder Bundesratsdrucksache, z. B. einen Ausschuss, eine Fraktion, die Bundesregierung, ein Bundesland oder dergleichen.","required":["bezeichnung","titel"],"type":"object","properties":{"einbringer":{"type":"boolean"},"bezeichnung":{"type":"string","example":"B90/GR"},"titel":{"type":"string","example":"Fraktion BÜNDNIS 90/DIE GRÜNEN"},"rolle":{"enum":["B","U"],"type":"string"}}},"Verkuendung":{"description":"Liefert die Angaben zur Verkündung eines Gesetzes: Ausfertigungs- und Verkündungsdatum sowie die Fundstelle im jeweiligen Verkündungsblatt. Bei Bundesgesetzblatt I und II ist die Fundstelle verlinkt.\n","required":["jahrgang","seite","ausfertigungsdatum","verkuendungsdatum","einleitungstext","fundstelle"],"type":"object","properties":{"jahrgang":{"type":"string","example":"2018"},"heftnummer":{"type":"string","example":"11"},"seite":{"type":"string","example":"409"},"ausfertigungsdatum":{"format":"date","type":"string","example":"2018-03-19"},"verkuendungsdatum":{"format":"date","type":"string","example":"2018-03-29"},"rubrik_nr":{"type":"string","example":"V1"},"einleitungstext":{"type":"string","example":"Bekanntmachung"},"verkuendungsblatt_bezeichnung":{"type":"string","example":"Bundesgesetzblatt Teil I"},"verkuendungsblatt_kuerzel":{"type":"string","example":"BGBl I"},"fundstelle":{"type":"string","example":"BGBl I 2018, 409"},"pdf_url":{"type":"string","example":"https://www.bgbl.de/xaver/bgbl/start.xav?startbk=Bundesanzeiger_BGBl&start=//*%5b@attr_id=%27bgbl118s0409.pdf%27%5d"},"titel":{"type":"string","example":"Bekanntmachung über die Übernahme des Beschlusses des Deutschen Bundestages betr. Aufhebung der Immunität von Mitgliedern des Bundestages und der Grundsätze in Immunitätsangelegenheiten"}}},"VorgangDeskriptor":{"allOf":[{"$ref":"#/definitions/Deskriptor"},{"description":"Liefert diejenigen mit einem Vorgang zu dessen inhaltlicher Beschreibung verknüpften Schlagwörter, denen zur Kennzeichnung ihrer zentralen Bedeutung für den Vorgang das Attribut „Fundstelle“ zugewiesen wurde. Die Schlagwörter (Deskriptoren) entstammen dem kontrollierten Vokabular des Parlamentsthesaurus ANTHES/PARTHES und stehen in thematischer Beziehung zueinander.\n\nSiehe auch: Deskriptor\n","required":["fundstelle"],"type":"object","properties":{"fundstelle":{"description":"Kennzeichnet Deskriptoren mit zentraler Bedeutung","type":"boolean","example":true}}}]},"Vorgangsbezug":{"description":"Liefert ID, Titel und Vorgangstyp eines Vorgangs, der mit der Drucksache oder dem Plenarprotokoll verbunden ist.","required":["id","titel","vorgangstyp"],"type":"object","properties":{"id":{"description":"ID eines verknüpften Vorgangs","pattern":"^\\d+$","type":"string","example":"84393"},"titel":{"type":"string","example":"Eröffnung der 1. Sitzung des 19. Deutschen Bundestages"},"vorgangstyp":{"type":"string","example":"Ansprache/Erklärung/Mitteilung"}}},"Vorgangspositionbezug":{"allOf":[{"$ref":"#/definitions/Vorgangsbezug"},{"description":"Liefert ID, Titel und Vorgangstyp eines Vorgangs sowie die Bezeichnung der Vorgangsposition, z. B. Ansprache, Antrag, Gesetzentwurf, auf die in einer Aktivität oder im Vorgangsablauf Bezug genommen wird.","required":["vorgangsposition"],"type":"object","properties":{"vorgangsposition":{"type":"string","example":"Ansprache"}}}]},"VorgangVerlinkung":{"description":"Verlinkte Verweisung von einem Vorgang auf einen anderen Vorgang, zu dem eine besondere inhaltliche Verbindung besteht.","required":["verweisung","titel","id","wahlperiode"],"type":"object","properties":{"id":{"description":"ID eines verknüpften Vorgangs","pattern":"^\\d+$","type":"string","example":"282237"},"verweisung":{"type":"string","example":"Bericht"},"titel":{"type":"string","example":"Zwischenbericht zur Reform des Bundeswahlrechts und zur Modernisierung der Parlamentsarbeit"},"wahlperiode":{"format":"int32","type":"integer","example":19},"gesta":{"type":"string"}}},"Bundesland":{"description":"Das Bundesland wird bei persönlichen Urhebern verwendet, die Mitglieder des Bundesrates sind, z. B. „Reinhold Hilbers, MdBR (Finanzminister), Niedersachsen“","enum":["Baden-Württemberg","Bayern","Berlin","Brandenburg","Bremen","Hamburg","Hessen","Mecklenburg-Vorpommern","Niedersachsen","Nordrhein-Westfalen","Rheinland-Pfalz","Saarland","Sachsen","Sachsen-Anhalt","Schleswig-Holstein","Thüringen"],"type":"string","example":"Niedersachsen"},"Datum":{"format":"date","description":"Liefert das Datum eines Dokuments (Drucksache oder Protokoll).","type":"string"},"Quadrant":{"description":"Teil der Fundstelle eines Plenarprotokolls. Jede Seite im Plenarprotokoll ist in vier gleich große Viertel unterteilt (Quadranten) mit den Bezeichnungen A, B, C, D.","enum":["A","B","C","D"],"type":"string"},"Zuordnung":{"description":"Jeder Vorgangsschritt ist entweder dem Bundestag (BT), dem Bundesrat (BR), der Bundesversammlung (BV) oder der Europakammer (EK) zugeordnet. Über die Zuordnung lassen sich bspw. Rechtsverordnungen herausfiltern, an denen der Bundestag beteiligt / nicht beteiligt war.","enum":["BT","BR","BV","EK"],"type":"string"}},"parameters":{"Id":{"in":"path","name":"id","required":true,"type":"integer"},"AktivitaetFilter":{"in":"query","name":"f.aktivitaet","description":"ID einer verknüpften Aktivität\n\nSelektiert alle Entitäten, die mit der angegebenen Aktivität verknüpft sind.\n","type":"integer"},"DatumStartFilter":{"in":"query","name":"f.datum.start","description":"Frühestes Datum der Entität\n\nSelektiert Entitäten in einem Datumsbereich basierend auf dem Dokumentdatum. Für Vorgänge und Personen wird der Datumsbereich aller zugehörigen Dokumente herangezogen.\n","type":"string","format":"date"},"DatumEndFilter":{"in":"query","name":"f.datum.end","description":"Spätestes Datum der Entität\n\nSelektiert Entitäten in einem Datumsbereich basierend auf dem Dokumentdatum. Für Vorgänge und Personen wird der Datumsbereich aller zugehörigen Dokumente herangezogen.\n","type":"string","format":"date"},"AktualisiertStartFilter":{"in":"query","name":"f.aktualisiert.start","description":"Frühestes Aktualisierungsdatum der Entität\n\nSelektiert Entitäten in einem Datumsbereich basierend auf dem letzten Aktualisierungsdatum.\n","type":"string","format":"date-time"},"AktualisiertEndFilter":{"in":"query","name":"f.aktualisiert.end","description":"Spätestes Aktualisierungsdatum der Entität\n\nSelektiert Entitäten in einem Datumsbereich basierend auf dem letzten Aktualisierungsdatum.\n","type":"string","format":"date-time"},"WahlperiodeFilter":{"in":"query","name":"f.wahlperiode","description":"Nummer der Wahlperiode\n\nSelektiert alle Entitäten, die der angegebenen Wahlperiode zugeordnet sind.\nKann wiederholt werden, um mehrere Wahlperioden zu selektieren.\n","type":"integer"},"DrucksacheFilter":{"in":"query","name":"f.drucksache","description":"ID einer verknüpften Drucksache\n\nSelektiert alle Entitäten, die mit der angegebenen Drucksache verknüpft sind.\n","type":"integer"},"IdFilter":{"in":"query","name":"f.id","description":"ID der Entität\n\nKann wiederholt werden, um mehrere Entitäten zu selektieren.\n","type":"integer"},"PlenarprotokollFilter":{"in":"query","name":"f.plenarprotokoll","description":"ID eines verknüpften Plenarprotokolls\n\nSelektiert alle Entitäten, die mit dem angegebenen Plenarprotokoll verknüpft sind.\n","type":"integer"},"VorgangFilter":{"in":"query","name":"f.vorgang","description":"ID eines verknüpften Vorgangs\n\nSelektiert alle Entitäten, die mit dem angegebenen Vorgang verknüpft sind.\n","type":"integer"},"DokumentnummerFilter":{"in":"query","name":"f.dokumentnummer","description":"Dokumentnummer einer Drucksache oder eines Plenarprotokolls\n\nSelektiert alle Entitäten, die mit der angegebenen Dokumentnummer verknüpft sind.\nKann wiederholt werden, um mehrere Dokumentnummern zu selektieren.\n","type":"string"},"DokumentartFilter":{"in":"query","name":"f.dokumentart","description":"Drucksache oder Plenarprotokoll\n\nSelektiert alle Entitäten, die mit der angegebenen Dokumentart verknüpft sind.\n","type":"string","enum":["Drucksache","Plenarprotokoll"]},"DrucksachtypFilter":{"in":"query","name":"f.drucksachetyp","description":"Typ der Drucksache\n\nSelektiert alle Entitäten, die mit dem angegebenen Drucksachetyp verknüpft sind.\n","type":"string"},"FrageNummerFilter":{"in":"query","name":"f.frage_nummer","description":"Fragenummer/Listenziffer\n\nSelektiert alle Entitäten, die mit der angegebenen Fragenummer in einer Drucksache verknüpft sind.\nKann wiederholt werden, um mehrere Fragenummern zu selektieren.\n","type":"string"},"GestaFilter":{"in":"query","name":"f.gesta","description":"GESTA-Ordnungsnummer\n\nSelektiert alle Entitäten, die der angegebenen GESTA-Ordnungsnummer zugeordnet sind.\nKann wiederholt werden, um mehrere Ordnungsnummern zu selektieren.\n","type":"string"},"ZuordnungFilter":{"in":"query","name":"f.zuordnung","description":"Zuordnung der Entität zum Bundestag, Bundesrat, Bundesversammlung oder Europakammer","type":"string","enum":["BT","BR","BV","EK"]},"Format":{"in":"query","name":"format","description":"Steuert das Datenformat der Antwort, möglich sind JSON (voreingestellt) oder XML.","type":"string","default":"json","enum":["json","xml"]},"Cursor":{"in":"query","name":"cursor","description":"Position des Cursors zur Anfrage weiterer Entitäten\n\nÜbersteigt die Anzahl der gefundenen Entitäten das jeweilige Limit, muss eine Folgeanfrage gestellt werden, um weitere Entitäten zu laden.\nEine Folgeanfrage wird gebildet, indem alle Parameter der ursprünglichen Anfrage wiederholt werden und zusätzlich der cursor Parameter der letzten Antwort eingesetzt wird.\nEs können solange Folgeanfragen gestellt werden, bis sich der cursor nicht mehr ändert. Dies signalisiert, dass alle Entitäten geladen wurden.\n","type":"string"}},"responses":{"BadRequestResponse":{"description":"Syntaxfehler in einem der Anfrageparameter","schema":{"required":["code","message"],"type":"object","properties":{"code":{"enum":[400],"type":"integer"},"message":{"type":"string","example":"Invalid cursor"}}}},"UnauthorizedResponse":{"description":"Ein gültiger API-Key ist für alle Anfragen erforderlich. Dieser kann entweder im HTTP Authorization Header oder als Anfrageparameter apikey gesendet werden.","schema":{"required":["code","message"],"type":"object","properties":{"code":{"enum":[401],"type":"integer"},"message":{"enum":["An API key is required to access this service. Please refer to https://dip.bundestag.de/über-dip/hilfe/api how to apply for a key. Misuse of this service may lead to blocking your requests."],"type":"string"}}}},"NotFoundResponse":{"description":"Die angefragte Entität wurde nicht gefunden","schema":{"required":["code","message"],"type":"object","properties":{"code":{"enum":[404],"type":"integer"},"message":{"type":"string","example":"ID not found: 0"}}}}},"securityDefinitions":{"ApiKeyHeader":{"type":"apiKey","name":"apikey","in":"query","description":"Beispiel: *ApiKey rgsaY4U.oZRQKUHdJhF9qguHMkwCGIoLaqEcaHjYLF*\n"},"ApiKeyQuery":{"type":"apiKey","name":"apikey","in":"query","description":"Beispiel: *rgsaY4U.oZRQKUHdJhF9qguHMkwCGIoLaqEcaHjYLF*\n"}},"security":[{"ApiKeyHeader":[]},{"ApiKeyQuery":[]}],"tags":[]}