{
  "properties": {
    "connectionReferences": {
      "shared_office365": {
        "runtimeSource": "embedded",
        "connection": {
          "connectionReferenceLogicalName": "jk_sharedoffice365_3ebea"
        },
        "api": {
          "name": "shared_office365"
        }
      },
      "shared_sharepointonline": {
        "runtimeSource": "embedded",
        "connection": {
          "connectionReferenceLogicalName": "jk_sharedsharepointonline_40d18"
        },
        "api": {
          "name": "shared_sharepointonline"
        }
      }
    },
    "definition": {
      "$schema": "https://schema.management.azure.com/providers/Microsoft.Logic/schemas/2016-06-01/workflowdefinition.json#",
      "contentVersion": "1.0.0.0",
      "parameters": {
        "$connections": {
          "defaultValue": {},
          "type": "Object"
        },
        "$authentication": {
          "defaultValue": {},
          "type": "SecureObject"
        },
        "SharepointPage (jk_SharepointPageURL)": {
          "defaultValue": "https://jonaskufner42.sharepoint.com/sites/YouTube",
          "type": "String",
          "metadata": {
            "schemaName": "jk_SharepointPageURL",
            "description": "URL der Sharepoint-Seite"
          }
        },
        "TicketsListID (jk_TicketsListID)": {
          "defaultValue": "12e44424-65c2-4299-a0ea-2c9f8a40a6c6",
          "type": "String",
          "metadata": {
            "schemaName": "jk_TicketsListID"
          }
        },
        "ModuleListID (jk_ModuleListID)": {
          "defaultValue": "ec1622e5-bf0e-44b1-af1f-194b67bf04c7",
          "type": "String",
          "metadata": {
            "schemaName": "jk_ModuleListID"
          }
        }
      },
      "triggers": {
        "When_an_item_is_created_or_modified": {
          "recurrence": {
            "interval": 1,
            "frequency": "Minute"
          },
          "splitOn": "@triggerOutputs()?['body/value']",
          "metadata": {
            "operationMetadataId": "17c1322f-c5bf-4693-a8e6-3d18447e51d3"
          },
          "type": "OpenApiConnection",
          "inputs": {
            "host": {
              "connectionName": "shared_sharepointonline",
              "operationId": "GetOnUpdatedItems",
              "apiId": "/providers/Microsoft.PowerApps/apis/shared_sharepointonline"
            },
            "parameters": {
              "dataset": "@parameters('SharepointPage (jk_SharepointPageURL)')",
              "table": "@parameters('TicketsListID (jk_TicketsListID)')"
            },
            "authentication": "@parameters('$authentication')"
          },
          "conditions": [
            {
              "expression": "@not(equals(triggerOutputs()?['body/Status/Value'],triggerOutputs()?['body/StatusRef/Value']))"
            }
          ]
        }
      },
      "actions": {
        "Send_an_email_(V2)": {
          "runAfter": {
            "Set_variable_Verantwortlich_aus_Tabelle_Module": [
              "Succeeded",
              "Skipped"
            ]
          },
          "metadata": {
            "operationMetadataId": "fd5155a5-c8b2-4135-b57a-f137411bc881"
          },
          "type": "OpenApiConnection",
          "inputs": {
            "host": {
              "connectionName": "shared_office365",
              "operationId": "SendEmailV2",
              "apiId": "/providers/Microsoft.PowerApps/apis/shared_office365"
            },
            "parameters": {
              "emailMessage/To": "@triggerOutputs()?['body/Author/Email']",
              "emailMessage/Subject": "Ticket: @{triggerOutputs()?['body/Title']}",
              "emailMessage/Body": "<p>Dein Ticket hat einen neuen Status: @{triggerOutputs()?['body/Status/Value']}<br>\n<br>\nHier gehts zum Ticket: <a href='@{triggerOutputs()?['body/{Link}']}'>Link</a></p>",
              "emailMessage/Importance": "Normal"
            },
            "authentication": "@parameters('$authentication')"
          }
        },
        "Update_item": {
          "runAfter": {
            "Send_an_email_(V2)": [
              "Succeeded"
            ]
          },
          "metadata": {
            "operationMetadataId": "8e75a2fe-a057-4134-9cbf-a2c7b33cafc3"
          },
          "type": "OpenApiConnection",
          "inputs": {
            "host": {
              "connectionName": "shared_sharepointonline",
              "operationId": "PatchItem",
              "apiId": "/providers/Microsoft.PowerApps/apis/shared_sharepointonline"
            },
            "parameters": {
              "dataset": "@parameters('SharepointPage (jk_SharepointPageURL)')",
              "table": "@parameters('TicketsListID (jk_TicketsListID)')",
              "id": "@triggerOutputs()?['body/ID']",
              "item/StatusRef/Id": "@triggerBody()?['Status/Id']",
              "item/Verantwortlich/Claims": "@variables('Verantwortlich')"
            },
            "authentication": "@parameters('$authentication')"
          }
        },
        "Get_item_Modul": {
          "runAfter": {
            "Set_variable": [
              "Failed"
            ]
          },
          "metadata": {
            "operationMetadataId": "913ec3d6-b047-45bd-af13-648b6d22f7c2"
          },
          "type": "OpenApiConnection",
          "inputs": {
            "host": {
              "connectionName": "shared_sharepointonline",
              "operationId": "GetItem",
              "apiId": "/providers/Microsoft.PowerApps/apis/shared_sharepointonline"
            },
            "parameters": {
              "dataset": "@parameters('SharepointPage (jk_SharepointPageURL)')",
              "table": "@parameters('ModuleListID (jk_ModuleListID)')",
              "id": "@triggerBody()?['Modul/Id']"
            },
            "authentication": "@parameters('$authentication')"
          }
        },
        "Initialize_variable_Verantwortlich": {
          "runAfter": {
            "Compose_Test_Triggerbedingung": [
              "Succeeded"
            ]
          },
          "metadata": {
            "operationMetadataId": "017ceca8-2af4-4e90-9f47-4b135c6c3fa0"
          },
          "type": "InitializeVariable",
          "inputs": {
            "variables": [
              {
                "name": "Verantwortlich",
                "type": "string"
              }
            ]
          }
        },
        "Set_variable": {
          "runAfter": {
            "Initialize_variable_Verantwortlich": [
              "Succeeded"
            ]
          },
          "metadata": {
            "operationMetadataId": "6ff7d093-c7a6-4f8c-a031-c5b532f17d16"
          },
          "type": "SetVariable",
          "inputs": {
            "name": "Verantwortlich",
            "value": "@triggerBody()['Verantwortlich']['Claims']"
          }
        },
        "Set_variable_Verantwortlich_aus_Tabelle_Module": {
          "runAfter": {
            "Get_item_Modul": [
              "Succeeded"
            ]
          },
          "metadata": {
            "operationMetadataId": "aff6c681-af6e-45e8-96a7-88946060dcd6"
          },
          "type": "SetVariable",
          "inputs": {
            "name": "Verantwortlich",
            "value": "@outputs('Get_item_Modul')?['body/Verantwortlich/Claims']"
          }
        },
        "Compose_Test_Triggerbedingung": {
          "runAfter": {},
          "metadata": {
            "operationMetadataId": "3df93816-3349-4e22-9008-8d1283fe675e"
          },
          "type": "Compose",
          "inputs": "@not(equals(triggerOutputs()?['body/Status/Value'],triggerOutputs()?['body/Status_Ref/Value']))"
        }
      },
      "outputs": {}
    },
    "templateName": ""
  },
  "schemaVersion": "1.0.0.0"
}